<?xml version="1.0" encoding="UTF-8"?>
<GenRun Id="impl_1" LaunchPart="xc7a200tffg1156-3" LaunchTime="1670122540">
  <File Type="BITSTR-BMM" Name="mips_top_bd.bmm"/>
  <File Type="ROUTE-PWR" Name="mips_top_power_routed.rpt"/>
  <File Type="PA-TCL" Name="mips_top.tcl"/>
  <File Type="OPT-DCP" Name="mips_top_opt.dcp"/>
  <File Type="ROUTE-PWR-SUM" Name="mips_top_power_summary_routed.pb"/>
  <File Type="REPORTS-TCL" Name="mips_top_reports.tcl"/>
  <File Type="OPT-DRC" Name="mips_top_drc_opted.rpt"/>
  <File Type="OPT-HWDEF" Name="mips_top.hwdef"/>
  <File Type="PWROPT-DCP" Name="mips_top_pwropt.dcp"/>
  <File Type="PLACE-DCP" Name="mips_top_placed.dcp"/>
  <File Type="PLACE-IO" Name="mips_top_io_placed.rpt"/>
  <File Type="PLACE-UTIL" Name="mips_top_utilization_placed.rpt"/>
  <File Type="PLACE-UTIL-PB" Name="mips_top_utilization_placed.pb"/>
  <File Type="PLACE-CTRL" Name="mips_top_control_sets_placed.rpt"/>
  <File Type="PLACE-PRE-SIMILARITY" Name="mips_top_incremental_reuse_pre_placed.rpt"/>
  <File Type="BG-BGN" Name="mips_top.bgn"/>
  <File Type="POSTPLACE-PWROPT-DCP" Name="mips_top_postplace_pwropt.dcp"/>
  <File Type="BG-BIN" Name="mips_top.bin"/>
  <File Type="PHYSOPT-DCP" Name="mips_top_physopt.dcp"/>
  <File Type="BITSTR-MSK" Name="mips_top.msk"/>
  <File Type="ROUTE-ERROR-DCP" Name="mips_top_routed_error.dcp"/>
  <File Type="ROUTE-DCP" Name="mips_top_routed.dcp"/>
  <File Type="ROUTE-BLACKBOX-DCP" Name="mips_top_routed_bb.dcp"/>
  <File Type="ROUTE-DRC" Name="mips_top_drc_routed.rpt"/>
  <File Type="ROUTE-DRC-PB" Name="mips_top_drc_routed.pb"/>
  <File Type="BITSTR-LTX" Name="mips_top.ltx"/>
  <File Type="ROUTE-DRC-RPX" Name="mips_top_drc_routed.rpx"/>
  <File Type="BITSTR-MMI" Name="mips_top.mmi"/>
  <File Type="ROUTE-METHODOLOGY-DRC" Name="mips_top_methodology_drc_routed.rpt"/>
  <File Type="ROUTE-METHODOLOGY-DRC-RPX" Name="mips_top_methodology_drc_routed.rpx"/>
  <File Type="BITSTR-SYSDEF" Name="mips_top.sysdef"/>
  <File Type="ROUTE-METHODOLOGY-DRC-PB" Name="mips_top_methodology_drc_routed.pb"/>
  <File Type="ROUTE-PWR-RPX" Name="mips_top_power_routed.rpx"/>
  <File Type="ROUTE-STATUS" Name="mips_top_route_status.rpt"/>
  <File Type="ROUTE-STATUS-PB" Name="mips_top_route_status.pb"/>
  <File Type="ROUTE-TIMINGSUMMARY" Name="mips_top_timing_summary_routed.rpt"/>
  <File Type="ROUTE-TIMING-PB" Name="mips_top_timing_summary_routed.pb"/>
  <File Type="ROUTE-TIMING-RPX" Name="mips_top_timing_summary_routed.rpx"/>
  <File Type="RDI-RDI" Name="mips_top.vdi"/>
  <File Type="ROUTE-CLK" Name="mips_top_clock_utilization_routed.rpt"/>
  <File Type="ROUTE-BUS-SKEW" Name="mips_top_bus_skew_routed.rpt"/>
  <File Type="ROUTE-BUS-SKEW-PB" Name="mips_top_bus_skew_routed.pb"/>
  <File Type="ROUTE-BUS-SKEW-RPX" Name="mips_top_bus_skew_routed.rpx"/>
  <File Type="POSTROUTE-PHYSOPT-DCP" Name="mips_top_postroute_physopt.dcp"/>
  <File Type="POSTROUTE-PHYSOPT-BLACKBOX-DCP" Name="mips_top_postroute_physopt_bb.dcp"/>
  <File Type="BG-BIT" Name="mips_top.bit"/>
  <File Type="BITSTR-RBT" Name="mips_top.rbt"/>
  <File Type="BITSTR-NKY" Name="mips_top.nky"/>
  <File Type="BG-DRC" Name="mips_top.drc"/>
  <File Type="WBT-USG" Name="usage_statistics_webtalk.html"/>
  <FileSet Name="sources" Type="DesignSrcs" RelSrcDir="$PSRCDIR/sources_1">
    <Filter Type="Srcs"/>
    <File Path="$PSRCDIR/sources_1/new/EXE_MEM_Reg.v">
      <FileInfo>
        <Attr Name="UsedIn" Val="synthesis"/>
        <Attr Name="UsedIn" Val="implementation"/>
        <Attr Name="UsedIn" Val="simulation"/>
      </FileInfo>
    </File>
    <File Path="$PSRCDIR/sources_1/new/Fact_top.v">
      <FileInfo>
        <Attr Name="UsedIn" Val="synthesis"/>
        <Attr Name="UsedIn" Val="implementation"/>
        <Attr Name="UsedIn" Val="simulation"/>
      </FileInfo>
    </File>
    <File Path="$PSRCDIR/sources_1/new/GPIO.v">
      <FileInfo>
        <Attr Name="UsedIn" Val="synthesis"/>
        <Attr Name="UsedIn" Val="implementation"/>
        <Attr Name="UsedIn" Val="simulation"/>
      </FileInfo>
    </File>
    <File Path="$PSRCDIR/sources_1/new/ID_EXE_Reg.v">
      <FileInfo>
        <Attr Name="UsedIn" Val="synthesis"/>
        <Attr Name="UsedIn" Val="implementation"/>
        <Attr Name="UsedIn" Val="simulation"/>
      </FileInfo>
    </File>
    <File Path="$PSRCDIR/sources_1/new/IF_ID_Reg.v">
      <FileInfo>
        <Attr Name="UsedIn" Val="synthesis"/>
        <Attr Name="UsedIn" Val="implementation"/>
        <Attr Name="UsedIn" Val="simulation"/>
      </FileInfo>
    </File>
    <File Path="$PSRCDIR/sources_1/new/MEM_WB_Reg.v">
      <FileInfo>
        <Attr Name="UsedIn" Val="synthesis"/>
        <Attr Name="UsedIn" Val="implementation"/>
        <Attr Name="UsedIn" Val="simulation"/>
      </FileInfo>
    </File>
    <File Path="$PSRCDIR/sources_1/new/adder.v">
      <FileInfo>
        <Attr Name="UsedIn" Val="synthesis"/>
        <Attr Name="UsedIn" Val="implementation"/>
        <Attr Name="UsedIn" Val="simulation"/>
      </FileInfo>
    </File>
    <File Path="$PSRCDIR/sources_1/new/alu.v">
      <FileInfo>
        <Attr Name="UsedIn" Val="synthesis"/>
        <Attr Name="UsedIn" Val="implementation"/>
        <Attr Name="UsedIn" Val="simulation"/>
      </FileInfo>
    </File>
    <File Path="$PSRCDIR/sources_1/new/auxdec.v">
      <FileInfo>
        <Attr Name="UsedIn" Val="synthesis"/>
        <Attr Name="UsedIn" Val="implementation"/>
        <Attr Name="UsedIn" Val="simulation"/>
      </FileInfo>
    </File>
    <File Path="$PSRCDIR/sources_1/new/controlunit.v">
      <FileInfo>
        <Attr Name="UsedIn" Val="synthesis"/>
        <Attr Name="UsedIn" Val="implementation"/>
        <Attr Name="UsedIn" Val="simulation"/>
      </FileInfo>
    </File>
    <File Path="$PSRCDIR/sources_1/new/datapath.v">
      <FileInfo>
        <Attr Name="UsedIn" Val="synthesis"/>
        <Attr Name="UsedIn" Val="implementation"/>
        <Attr Name="UsedIn" Val="simulation"/>
      </FileInfo>
    </File>
    <File Path="$PSRCDIR/sources_1/new/dmem.v">
      <FileInfo>
        <Attr Name="UsedIn" Val="synthesis"/>
        <Attr Name="UsedIn" Val="implementation"/>
        <Attr Name="UsedIn" Val="simulation"/>
      </FileInfo>
    </File>
    <File Path="$PSRCDIR/sources_1/new/dreg.v">
      <FileInfo>
        <Attr Name="UsedIn" Val="synthesis"/>
        <Attr Name="UsedIn" Val="implementation"/>
        <Attr Name="UsedIn" Val="simulation"/>
      </FileInfo>
    </File>
    <File Path="$PSRCDIR/sources_1/new/factoroialAccelarator.v">
      <FileInfo>
        <Attr Name="UsedIn" Val="synthesis"/>
        <Attr Name="UsedIn" Val="implementation"/>
        <Attr Name="UsedIn" Val="simulation"/>
      </FileInfo>
    </File>
    <File Path="$PSRCDIR/sources_1/new/hazardUnit.v">
      <FileInfo>
        <Attr Name="UsedIn" Val="synthesis"/>
        <Attr Name="UsedIn" Val="implementation"/>
        <Attr Name="UsedIn" Val="simulation"/>
      </FileInfo>
    </File>
    <File Path="$PSRCDIR/sources_1/new/imem.v">
      <FileInfo>
        <Attr Name="UsedIn" Val="synthesis"/>
        <Attr Name="UsedIn" Val="implementation"/>
        <Attr Name="UsedIn" Val="simulation"/>
      </FileInfo>
    </File>
    <File Path="$PSRCDIR/sources_1/new/maindec.v">
      <FileInfo>
        <Attr Name="UsedIn" Val="synthesis"/>
        <Attr Name="UsedIn" Val="implementation"/>
        <Attr Name="UsedIn" Val="simulation"/>
      </FileInfo>
    </File>
    <File Path="$PSRCDIR/sources_1/new/mips.v">
      <FileInfo>
        <Attr Name="UsedIn" Val="synthesis"/>
        <Attr Name="UsedIn" Val="implementation"/>
        <Attr Name="UsedIn" Val="simulation"/>
      </FileInfo>
    </File>
    <File Path="$PSRCDIR/sources_1/new/mult_unit.v">
      <FileInfo>
        <Attr Name="UsedIn" Val="synthesis"/>
        <Attr Name="UsedIn" Val="implementation"/>
        <Attr Name="UsedIn" Val="simulation"/>
      </FileInfo>
    </File>
    <File Path="$PSRCDIR/sources_1/new/mux2.v">
      <FileInfo>
        <Attr Name="UsedIn" Val="synthesis"/>
        <Attr Name="UsedIn" Val="implementation"/>
        <Attr Name="UsedIn" Val="simulation"/>
      </FileInfo>
    </File>
    <File Path="$PSRCDIR/sources_1/new/mux4.v">
      <FileInfo>
        <Attr Name="UsedIn" Val="synthesis"/>
        <Attr Name="UsedIn" Val="implementation"/>
        <Attr Name="UsedIn" Val="simulation"/>
      </FileInfo>
    </File>
    <File Path="$PSRCDIR/sources_1/new/regfile.v">
      <FileInfo>
        <Attr Name="UsedIn" Val="synthesis"/>
        <Attr Name="UsedIn" Val="implementation"/>
        <Attr Name="UsedIn" Val="simulation"/>
      </FileInfo>
    </File>
    <File Path="$PSRCDIR/sources_1/new/signext.v">
      <FileInfo>
        <Attr Name="UsedIn" Val="synthesis"/>
        <Attr Name="UsedIn" Val="implementation"/>
        <Attr Name="UsedIn" Val="simulation"/>
      </FileInfo>
    </File>
    <File Path="$PSRCDIR/sources_1/new/mips_top.v">
      <FileInfo>
        <Attr Name="UsedIn" Val="synthesis"/>
        <Attr Name="UsedIn" Val="implementation"/>
        <Attr Name="UsedIn" Val="simulation"/>
      </FileInfo>
    </File>
    <File Path="$PSRCDIR/sources_1/new/memfile.dat">
      <FileInfo>
        <Attr Name="UsedIn" Val="synthesis"/>
        <Attr Name="UsedIn" Val="simulation"/>
      </FileInfo>
    </File>
    <Config>
      <Option Name="DesignMode" Val="RTL"/>
      <Option Name="TopModule" Val="mips_top"/>
    </Config>
  </FileSet>
  <FileSet Name="constrs_in" Type="Constrs" RelSrcDir="$PSRCDIR/constrs_1">
    <Filter Type="Constrs"/>
    <Config>
      <Option Name="ConstrsType" Val="XDC"/>
    </Config>
  </FileSet>
  <FileSet Name="utils" Type="Utils" RelSrcDir="$PSRCDIR/utils_1">
    <Filter Type="Utils"/>
    <Config>
      <Option Name="TopAutoSet" Val="TRUE"/>
    </Config>
  </FileSet>
  <Strategy Version="1" Minor="2">
    <StratHandle Name="Vivado Implementation Defaults" Flow="Vivado Implementation 2019"/>
    <Step Id="init_design"/>
    <Step Id="opt_design"/>
    <Step Id="power_opt_design"/>
    <Step Id="place_design"/>
    <Step Id="post_place_power_opt_design"/>
    <Step Id="phys_opt_design"/>
    <Step Id="route_design"/>
    <Step Id="post_route_phys_opt_design"/>
    <Step Id="write_bitstream"/>
  </Strategy>
</GenRun>
